KontoNr;KontoBezeichnung;Name;Vorname;Strasse;PLZ;Ort;Land;UStID;StNr;KontoArt
"70003";"BAUHAUS Gesellschaft für Werkstatt, Haus und Freizeit Berlin mbH & Co. KG";"BAUHAUS Gesellschaft für Werkstatt, Haus und Freizeit Berlin mbH & Co. KG";;"Hasenheide 109";"10967";"Berlin";"DE";"DE136658025";;"K"
"70004";"Lidl GmbH";"Lidl GmbH";;"Hauptstr.";"12159";"Berlin";"DE";"DE813388874";"316/5953/0703";"K"
"70005";"ALDI Einkauf GmbH & Co. OHG";"ALDI Einkauf GmbH & Co. OHG";;"Eckenvergstraße 16 + 16A";"45307";"Essen";"DE";"DE121735609";;"K"
"70008";"Dirk Rossmann GmbH";"Dirk Rossmann GmbH";;;;;;"DE115005186";;"K"
"70009";"Dirk Rossmann GmbH";"Dirk Rossmann GmbH";;;;;;"DE115055186";;"K"
"70014";"Netto ApS & Co. KG";"Netto ApS & Co. KG";;"Preetzer Straße 22";"17153 ";"Stavenhagen";"DE";"DE291493807";;"K"
"70018";"REWE Markt GmbH";"REWE Markt GmbH";;"Domstraße 20";"50668 ";"Köln";"DE";"DE812706034";;"K"
"70021";"BAUHAUS GmbH Nord- 0st & Co, KG Gesellschaft für Bau- und Hausbedarf";"BAUHAUS GmbH Nord- 0st & Co, KG Gesellschaft für Bau- und Hausbedarf";;"Am Lückefeld 87-91";"15831";"Mahlow";"DE";"DE153467914";;"K"
"70024";"HELLWEG Die Profi-Baumärkte GmbH & Co. KG";"HELLWEG Die Profi-Baumärkte GmbH & Co. KG";;;;;;"DE124898583";;"K"
"70025";"EDEKA Handelsgesellschaft Südwest mbH";"EDEKA Handelsgesellschaft Südwest mbH";;;;;;"DE144464039";;"K"
"70027";"GALERIA Karstadt Kaufhof GmbH i.I.";"GALERIA Karstadt Kaufhof GmbH i.I.";;;;;;"DE811167998";;"K"
"70029";"Google Ireland Limited";"Google Ireland Limited";;;;;;"IE6388047V";;"K"
"70031";"S-Bahn Berlin GmbH";"S-Bahn Berlin GmbH";;;;;;"DE163227325";;"K"
"70035";"Deutsche Post AG";"Deutsche Post AG";;;;;;"DE169838187";;"K"
"70036";"UNI ELEKTRO Fachgroßhandel GmbH & Co. KG";"UNI ELEKTRO Fachgroßhandel GmbH & Co. KG";;"Ludwig-Erhard-Str. 21-39";"65760";"Eschborn";"DE";"DE154347673";;"K"
"70037";"McDonald's Deutschland LLC";"McDonald's Deutschland LLC";;;;;;"DE129525432";;"K"
"70047";"Woolworth GmbH";"Woolworth GmbH";;;;;;"DE271549856";;"K"
"70053";"Handwerkskammer Berlin";"Handwerkskammer Berlin";;;;;;;;"K"
"70055";"POCO Einrichtungsmärkte GmbH";"POCO Einrichtungsmärkte GmbH";;;;;;"DE320200481";;"K"
"70056";"Kaufland Dienstleistung GmbH & Co. KG";"Kaufland Dienstleistung GmbH & Co. KG";;;;;;"DE238991470";;"K"
"70061";"Total Tankstelle";"Total Tankstelle";;;;;;"DE307562356";;"K"
"70096";"ARAL - REWE To Go Michael Heydt";"ARAL - REWE To Go Michael Heydt";;"Kurfürstendamm 128";"10711";"Berlin";"DE";"DE118616994";;"K"
"70098";"Haufe Service Center GmbH";"Haufe Service Center GmbH";;"Postfach";"79091";"Freiburg";"DE";;;"K"
"70102";"Jet Tankstelle ";"Jet Tankstelle ";;;;;"DE";"DE118615887";;"K"
"70103";"Shell Deutschland Oil GmbH";"Shell Deutschland Oil GmbH";;;;;;"DE811127597";;"K"
"70110";"OBI E-Commerce GmbH";"OBI E-Commerce GmbH";;"Albert-Einstein-Straße 7-9";"42929 ";"Wermelskirchen";"DE";"DE220709071";;"K"
"70117";"Sammellieferant";"Sammellieferant";;;;;;;;"K"
"70119";"AOK Nordost";"AOK Nordost";;"Brandenburger Str. 72";"14467";"Potsdam";"DE";;;"K"
"70121";"Re-In Retail International GmbH";"Re-In Retail International GmbH";;;;;;"DE257660883";;"K"
"70131";"Sprint Tankstelle ";"Sprint Tankstelle ";;;;;;"DE272355481";;"K"
"70133";"Finanzamt Schöneberg";"Finanzamt Schöneberg";;;;;"DE";;;"K"
"70134";"Aral Tankstelle";"Aral Tankstelle";;;;;;"DE118616994";;"K"
"70135";"ESSO Deutschland GmbH";"ESSO Deutschland GmbH";;;;;;"DE118617001";;"K"
"70137";"Getränke Hoffmann GmbH";"Getränke Hoffmann GmbH";;;;;;"DE136703084";;"K"
"70141";"HEM Tankstelle";"HEM Tankstelle";;"Saatwinkler Damm 62";"13627";"Berlin";"DE";;;"K"
"70142";"Mäc-Geiz";"Mäc-Geiz";;"Hansastr. 23";"13051";"Berlin";"DE";;;"K"
"70148";"toom Baumarkt GmbH";"toom Baumarkt GmbH";;"Ruhlsdorfer Str. 96";"14532";"Stahnsdorf";"DE";"DE812720447";;"K"
"70152";"Babo Sushi Kenan Dobak";"Babo Sushi Kenan Dobak";;;;;;;"16/263/02518";"K"
"70161";"OBI";"OBI";;;;;;;;"K"
"70168";"Hornbach";"Hornbach";;"Gradestr. 100";"12347";"Berlin";"DE";;;"K"
"70172";"Elektroshop ";"Elektroshop ";;;;;;;;"K"
"70184";"JET - Tankslolle  Jörk Klemmo";"JET - Tankslolle  Jörk Klemmo";;"Karl-Marx-Str.";"12057";"Berlin";"DE";;;"K"
"70189";" YogiRestaurant Moabit Salpal Shinn";" YogiRestaurant Moabit Salpal Shinn";;"Rathenower Str. 6";"10559";"Berlin";"DE";;;"K"
"70197";"Star-Tankstelle";"Star-Tankstelle";;"Heiligenseestraße 28";"13503";"Berlin";"DE";;;"K"
"70198";"EDEKA Fil";"EDEKA Fil";;"Friedrichstr. 246";"10969";"Berlin";"DE";"DE266067317";;"K"
"70205";"Pizza Max";"Pizza Max";;;;;;;;"K"
"70207";"Obeta";"Obeta";;;;;;;;"K"
"70214";"Lieferando";"Lieferando";;;;;;;;"K"
"70218";"obeta electro";"obeta electro";;"Motzener Str. 40";"12277";"Berlin";"DE";"DE136659559";;"K"
"70219";"11880";"11880";;;;;;"DE202518419";;"K"
"70221";"Lidl";"Lidl";;;;;;"DE913328274";;"K"
"70223";"AOK NordWest";"AOK NordWest";;"Kopenhagener Str. 1";"44269";"Dortmund";"DE";;;"K"
"70224";"Techniker Krankenkasse";"Techniker Krankenkasse";;"Bramfelder Str. 140";"22305";"Hamburg";"DE";;;"K"
"70225";"BVG";"BVG";;;;;;;;"K"
"70228";"Glaserei Bernd Müller GmbH";"Glaserei Bernd Müller GmbH";;;;;;"DE136748318";;"K"
"70229";"Memodo  GmbH";"Memodo  GmbH";;"Eichenstr. 11 a-d. 8";"85445";"Oberding";"DE";"DE318463541";;"K"
"70230";"Die Blume";"Die Blume";;"Reichsstraße 37";"14052";"Berlin";"DE";;;"K"
"70233";"0815 Transporter";"0815 Transporter";;"Seelower Straße 7 ";"15374";"Münchenberg";"DE";;;"K"
"70234";"DAA";"DAA";;;;;;;;"K"
"70237";"fielmann ";"fielmann ";;;;;;;;"K"
"70242";"vattenfall";"vattenfall";;;;;;;;"K"
"70261";"eplus";"eplus";;;;;;;;"K"
"70262";"myplace SeltStorene Deln Lanerraum _ Heerstrasse";"myplace SeltStorene Deln Lanerraum _ Heerstrasse";;"Heerstr. 221";"13595";"Berlin";"DE";"DE215275737";;"K"
"70264";"Hotel Ebner";"Hotel Ebner";;;;;;;;"K"
"70267";"AOK Bayern Die Gesundheitskasse";"AOK Bayern Die Gesundheitskasse";;"Carl-Wery-Str. 28";"81739";"München";"DE";;;"K"
"70268";"PFENNIGLAND";"PFENNIGLAND";;"Carl-Schurz-Str. 49";"13597";"Berlin";"DE";;;"K"
"70269";"Baumarkt";"Baumarkt";;"Rudolf-Diesel-Str.";"16356";"Ahrensfelde";"DE";;;"K"
"70270";"Sun Tankstelle";"Sun Tankstelle";;"Klosterstr. 20";"13581";"Berlin";"DE";;;"K"
"70272";"Clean Car AG";"Clean Car AG";;"Charlottenburger Chaussee 51";"13597";"Berlin";"DE";"DE191301237";;"K"
"70273";"Zalande Stores GmbH & Co. KG";"Zalande Stores GmbH & Co. KG";;"Tauentzienstr. 18";"10789";"Berlin";"DE";;;"K"
"70275";"SegenSolarGmbH";"SegenSolarGmbH";;;;;;;;"K"
"70276";"Agip Service-Station";"Agip Service-Station";;"Berliner Allee 14";"16833";"Fehrbellin";"DE";;;"K"
"70279";"Burger Paradise Yusuf Dino";"Burger Paradise Yusuf Dino";;"Katzbachstr. 12";"10965";"Berlin";"DE";"DE315897392";;"K"
"70280";"Reifen-Müller Georg Müller GmbH & Co. KG";"Reifen-Müller Georg Müller GmbH & Co. KG";;"Köpenicker Str. 152";"10997";"Berlin";"DE";;;"K"
"70281";"SunOyster Systems GmbH";"SunOyster Systems GmbH";;"Poststr. 46";"25469";"Halstenbek";"DE";"DE278258724";;"K"
"70282";"Amazon EU S.à r.l.";"Amazon EU S.à r.l.";;"Marcel-Breuer-Str. 12";"80807";"München";"DE";"DE814584193";;"K"
"70283";"Expert Systems AG";"Expert Systems AG";;"Quedlinburger Str. 1";"10589";"Berlin";"DE";"DE281088433";;"K"
"70285";"SegenSolar GmbH";"SegenSolar GmbH";;"Dieselstr. 2";"50859";"Köln";"DE";;;"K"
"70286";"Stadt Iömenau";"Stadt Iömenau";;;;;;;;"K"
"70287";"Riverty Services GmbH";"Riverty Services GmbH";;;;;;"DE241977674";;"K"
"70288";"BG Bau ";"BG Bau ";;;;;;;;"K"
"70289";"SHELL STATI0N FSG GmbH P.Svar0vskY";"SHELL STATI0N FSG GmbH P.Svar0vskY";;"Spandauer Allee 7";"16761";"Hennigsdorf";"DE";"DE811127593";;"K"
"70290";"Marchä Berlin Brandenburg Flughafen Mövenpick Café Terminal";"Marchä Berlin Brandenburg Flughafen Mövenpick Café Terminal";;"Platz S";"12059";"Berlin";"DE";"DE147795915";;"K"
"70291";"KUNDENBELEG SUN lankstefle";"KUNDENBELEG SUN lankstefle";;"Klosterstr. 20";"13581";"Berlin";"DE";;;"K"
"70292";"Jet Tankstelle TS-Nr  Martin Breuer";"Jet Tankstelle TS-Nr  Martin Breuer";;"Charlottenburger Chaussee 17";"13597";"Berlin";"DE";;;"K"
"70293";"Ringfoto Fehse, Jörg Fehse GmbH";"Ringfoto Fehse, Jörg Fehse GmbH";;"Breite Str. 17";"13597";"Berlin";"DE";"DE233966111";;"K"
"70294";"Qonto";"Qonto";;;;;"DE";"FR10819489626";;"K"
"70295";"KUNOENBELLG SUN iamkstelle";"KUNOENBELLG SUN iamkstelle";;"Klosterstr. 20";"13581";"Berlin";"DE";;;"K"
"70296";"AC Eurogida GmbH";"AC Eurogida GmbH";;;;;;"DE239225280";;"K"
"70297";"bprint eutelle Christoph Plühn";"bprint eutelle Christoph Plühn";;"Otternbuchtstr. 37";"13599";"Berlin";"DE";;;"K"
"70298";"NAKA24 GmbH";"NAKA24 GmbH";;"Hinterstr. 16";"15306";"Seelow";"DE";"DE321649879";;"K"
"70299";"Powerplant Solar GmbH";"Powerplant Solar GmbH";;"Industriestr. 7";"47495";"Rheinberg";"DE";"DE321850173";;"K"
"70300";"810 C0MPANY SE";"810 C0MPANY SE";;"Klosterstr.";"13581";"Berlin";"DE";"DE815889941";;"K"
"70301";"ELEKTRIESEKatarzyna KlincewiczWolnosci 117, 58-260 Bielawa";"ELEKTRIESEKatarzyna KlincewiczWolnosci 117, 58-260 Bielawa";;;;"Berlin";"DE";"DE303463670";;"K"
"70302";"HelIweg Die Profi-Baumärkte GmbH & Co. KG";"HelIweg Die Profi-Baumärkte GmbH & Co. KG";;"Möbel-Hübner-Str. 7";"16356";"Ahrensfelde";"DE";"DE124898583";;"K"
"70303";"Berlin, Spandau Arcaden";"Berlin, Spandau Arcaden";;"Klosterstr. 3";"13581";"Berlin";"DE";"DE205499794";;"K"
"70304";"Oskar Böttcher GmbH";"Oskar Böttcher GmbH";;;;"Berlin";"DE";;;"K"
"70305";"Leiser Berlin";"Leiser Berlin";;"Klosterstr. 3";"13581";"Berlin";"DE";"DE127484852";;"K"
"70306";"Globe  Fachmärkte GmbH a Co. KG 05 BFM Germendorf";"Globe  Fachmärkte GmbH a Co. KG 05 BFM Germendorf";;"Strasse Am Globus 1";"16515";"Oranienburg";"DE";"DE163646243";;"K"
"70307";"Ansbacher Apotheke Frau Traudl Vogel";"Ansbacher Apotheke Frau Traudl Vogel";;"Ansbacher Str. 13";"10787";"Berlin";"DE";"DE256696410";;"K"
"70308";"Sushi City Nollendorfstrasse";"Sushi City Nollendorfstrasse";;"Nollendorfstr. 26";"10777";"Berlin";"DE";;;"K"
"70309";"Besserladen.de";"Besserladen.de";;"An den Hühneräckern 3";"97456";"Dittelbrunn";"DE";"DE329409987";;"K"
"70310";"SAT-World GmbH";"SAT-World GmbH";;"Konrad-Zuse-Str. 1";"35440";"Linden";"DE";"DE813304682";;"K"
"70311";"elektroland24 GmbH & Co. KG";"elektroland24 GmbH & Co. KG";;"Kreuzweg 45";"25492";"Heist";"DE";"DE325206717";;"K"
"70312";"mein-elektro24.com";"mein-elektro24.com";;"Basdorfer Weg 1G 1";"16348";"Wandlitz";"DE";"DE325514610";;"K"
"70313";"SEC SolarEnergyConsult";"SEC SolarEnergyConsult";;"Berliner Chaussee 11";"39307";"Genthin";"DE";"DE286925086";;"K"
"70314";"mkk - meine krankenkasse";"mkk - meine krankenkasse";;"Lindenstraße 67";"10969";"Berlin";"DE";;;"K"
"70315";"IMO Autopflege WS 524 Kyriaki Eleftheriadou";"IMO Autopflege WS 524 Kyriaki Eleftheriadou";;"Streitstr. 82";"13587";"Berlin";"DE";;;"K"
"70316";"EOV.de GmbH";"EOV.de GmbH";;"Luisenstr. 5";"38118";"Braunschweig";"DE";;;"K"
"70317";"Memodo GmbH";"Memodo GmbH";;"Eichenstr. 11";"85445";"Oberding";"DE";"DE318463541";;"K"
"70318";"Buchungsbestätigung BLICHUNOSNUMMER. 3026.887.286";"Buchungsbestätigung BLICHUNOSNUMMER. 3026.887.286";;"Berliner Str. 37";"17279";"Lychen";"DE";;;"K"
"70319";"FEB Fördergesellschaft";"FEB Fördergesellschaft";;"Wilhelminenhofstr. 75";"12459";"Berlin";"DE";"DE136740018";;"K"
"70320";"Prime Solar Solutions UG";"Prime Solar Solutions UG";;"Ekenhoff 20";"49545";"Tecklenburg";"DE";"DE330674047";;"K"
"70321";"Bosswerk GmbH & Co. KG";"Bosswerk GmbH & Co. KG";;"Herrenpfad 38";"41334";"Nettetal";"DE";"DE278206864";;"K"
"70322";"DAA GmbH";"DAA GmbH";;"Am Sandtorkai 73";"20457";"Hamburg";"DE";"DE271602161";;"K"
"70323";"Jennifer Schäffner";"Jennifer Schäffner";;"Weinsberger Str. 76";"74076";"Heilbronn";"DE";"DE344774864";;"K"
"70324";"Kundenbeleg HZA Berlin Zollzahlstelle";"Kundenbeleg HZA Berlin Zollzahlstelle";;;;;;;;"K"
"70325";"Renova ";"Renova ";;;;;;;;"K"
"70326";"KingB Trading GmbH";"KingB Trading GmbH";;"Siegfriedstr. 20";"12051";"Berlin";"DE";"DE355563295";;"K"
"70327";"TotalEnergies Tankstelle TO Autoservice GmbH";"TotalEnergies Tankstelle TO Autoservice GmbH";;"Heerstr. 35-37";"14055";"Berlin";"DE";"DE307562356";;"K"
"70328";"0BI GmbH & Co. Deutschland KG Filiale Berlin Spandau";"0BI GmbH & Co. Deutschland KG Filiale Berlin Spandau";;"Wilhelmstr. 8";"13595";"Berlin";"DE";;;"K"
"70329";"Jagdnaus Spandau";"Jagdnaus Spandau";;"Niederneuendorfer Allee";"13587";"Berlin";"DE";;;"K"
"70330";"0BI OrbH & Co. Deutschland KG Fillaie Berlin Spandau";"0BI OrbH & Co. Deutschland KG Fillaie Berlin Spandau";;"Wilhelmstr. 8";"13595";"Berlin";"DE";;;"K"
"70331";"BORGA GmbH";"BORGA GmbH";;"Jakobikirchhof 6";"28195";"Bremen";"DE";"DE354314628";;"K"
"70332";"Dachbau GmbH";"Dachbau GmbH";;"Thomasiusstr. 27";"10557";"Berlin";"DE";;;"K"
"70333";"Bauhaus Fachcentren Umbil & Co. KG 604 DERLIN";"Bauhaus Fachcentren Umbil & Co. KG 604 DERLIN";;"Nahmitzer Damm 26";"12277";"Berlin";"DE";;;"K"
"70334";"Cafe Lutetia";"Cafe Lutetia";;;;;;;;"K"
"70335";"Bakra Sp Z.O.O";"Bakra Sp Z.O.O";;;;;;;;"K"
"70336";"Vadenfall Europe Sales GmbH";"Vadenfall Europe Sales GmbH";;"Markstr. 36";"13409";"Berlin";"DE";"DE813577496";;"K"
"70337";"Quartier Apotheke. Die Gesundheitsexperten vor Ort.";"Quartier Apotheke. Die Gesundheitsexperten vor Ort.";;;;;;;;"K"
"70338";"Ara an<ste _ e Gordon FirleY";"Ara an<ste _ e Gordon FirleY";;"Arthur-Scheunert-Allee 73";"14558";"Nuthetal";"DE";;;"K"
"70339";"Tier GmbH ";"Tier GmbH ";;;;;;;;"K"
"70340";"star- Tankstelle Eyleen Bredenhagen";"star- Tankstelle Eyleen Bredenhagen";;"Adlergestell 391";"12527";"Berlin";"DE";;;"K"
"70341";"Altstadt späti";"Altstadt späti";;"Breitestr. 46";"13597";"Berlin";"DE";;;"K"
"70342";"Nahkauf Ronny Farber";"Nahkauf Ronny Farber";;"Am Marktplatz 1";"14547";"Beelitz";"DE";;;"K"
"70343";"HEM-Panketal f52";"HEM-Panketal f52";;"Dorfstr. 1a";"16341";"Panketal";"DE";;;"K"
"70344";"Bezirksamt Neukölln von Berlin";"Bezirksamt Neukölln von Berlin";;;;;;;;"K"
"70345";"Stadt Keit n/Have] Havelfähre "Charlotte";"Stadt Keit n/Have] Havelfähre "Charlotte";;"An der Fähre";"14669";"Ketzin";"DE";;;"K"
"70346";"EDEKA Meissner";"EDEKA Meissner";;"Nollendorfplatz 8-9";"10777";"Berlin";"DE";"DE354430058";;"K"
"70347";"Blume 2000 SE";"Blume 2000 SE";;"Carl-Schurz-Str. 42";"13597";"Berlin";"DE";"DE814160990";;"K"
"70348";"Altstadt Späti";"Altstadt Späti";;"Breite Str. 46";"13597";"Berlin";"DE";;;"K"
"70349";"mein";"mein";;"Neuendorfer Str. 25-30";"13585";"Berlin";"DE";;"Lidl";"K"
"70350";"Kosteneinziehungsstelle der Justiz ";"Kosteneinziehungsstelle der Justiz ";;"Altstädter Ring 7";"13597";"Berlin";"DE";;;"K"
"70351";"RA Christof Maurer";"RA Christof Maurer";;"Saarbrücker Str. 10";"66130";"Saarbrücken";"DE";;;"K"
"70352";"Shell Station";"Shell Station";;"Martin-Luther-Str. 29";"10777";"Berlin";"DE";;;"K"
"70353";"BORGA GmbH";"BORGA GmbH";;" Jakobikirchhof 6";"28195";"Bremen";"DE";;;"K"
"70354";"Optiker Bode";"Optiker Bode";;"Karl-Marx-Str. 88";"12043";"Berlin";"DE";;;"K"
"70355";"0ptiker Bode OmbH";"0ptiker Bode OmbH";;"Karl-Marx-Str. 88";"12043";"Berlin";"DE";;;"K"
"70356";"Lidl";"Lidl";;"Neuendorfer Str. 25-30";"13585";"Berlin";"DE";"DE813388858";;"K"
"70357";"SUN Tankstelle";"SUN Tankstelle";;"Klosterstr.";"13581";"Berlin";"DE";;;"K"
"70358";"SHELL Station";"SHELL Station";;"Oranienstr. 19-139";"10969";"Berlin";"DE";"DE326315589";;"K"
"70359";"KTG Baumaschinen GmbH";"KTG Baumaschinen GmbH";;"Chemnitzer Str. 10";"12621";"Berlin";"DE";;;"K"
"70360";"Bauhaus GmbH & Co. KG";"Bauhaus GmbH & Co. KG";;"An den Freiheitswiesen 6";"13597";"Berlin";"DE";;;"K"
"70361";"Sprint Tankstelle";"Sprint Tankstelle";;"Ruhlebener Str. 1A";"13597";"Berlin";"DE";;;"K"
"70362";"Altstadt Späti";"Altstadt Späti";;"Breite Str.";"13597";"Berlin";"DE";;;"K"
"70363";"Aktiv Werbung Freiburg";"Aktiv Werbung Freiburg";;;;;;;;"K"
"70364";"Neuformhaus am Markt";"Neuformhaus am Markt";;"Moritzstr. 1";"13597";"Berlin";"DE";;;"K"
"70365";"Tabak Zeitschriften Lotto Schuhbauer";"Tabak Zeitschriften Lotto Schuhbauer";;"Kurfürstenstr. 114";"10787";"Berlin";"DE";;;"K"
"70366";"Sushi Mana, Inh. Mhd. Jumaa Adilla";"Sushi Mana, Inh. Mhd. Jumaa Adilla";;"Gotzowskystr. 29";"10555";"Berlin";"DE";;;"K"
"70367";"Kath Hasenfuss Recycling GmbH";"Kath Hasenfuss Recycling GmbH";;"Werdauer Weg 11";"10829";"Berlin";"DE";;;"K"
"70368";"Shell Station ";"Shell Station ";;"Karower Damm 35";"13129";"Berlin";"DE";;;"K"
"70369";"P0C0 EinrichtüngsMärkte GmbH Filiale Ber1in-Kreuzber0";"P0C0 EinrichtüngsMärkte GmbH Filiale Ber1in-Kreuzber0";;"Blücherplatz";"10961";"Berlin";"DE";"DE320200481";;"K"
"70370";"SHELL STATI0N M. Scheffel Tankstellen GmbH";"SHELL STATI0N M. Scheffel Tankstellen GmbH";;"Skalitzer Str. 47";"10997";"Berlin";"DE";"DE811127597";;"K"
"70371";"Total Energies Station Steven Hanke";"Total Energies Station Steven Hanke";;"Veltener Str. 22";"16761";"Hennigsdorf";"DE";"DE297502082";;"K"
"70372";"Sprint Tankstelle Christoph Plöhn";"Sprint Tankstelle Christoph Plöhn";;"Otternbuchtstr. 37";"13599";"Berlin";"DE";"DE136562560";;"K"
"70373";"Kremer Hausverwaltungen GmbH";"Kremer Hausverwaltungen GmbH";;"Danckelmannstr. 9";"14059";"Berlin";"DE";"DE136716899";;"K"
"70374";"SHELL STATI0N m. Scheffel Tankstellen Gcbil";"SHELL STATI0N m. Scheffel Tankstellen Gcbil";;"Hohenzollerndamm 41";"10713";"Berlin";"DE";"DE811127597";;"K"
"70375";"lila Bäcker";"lila Bäcker";;"Hauptstr. 15-19";"16547";"Birkenwerder";"DE";;;"K"
"70376";"Schmitt's Allerlei";"Schmitt's Allerlei";;"Hauptstr. 24";"91278";"Pottenstein";"DE";;;"K"
"70377";"Restaurant Meilenstein";"Restaurant Meilenstein";;"Am Juliusturm 104";"13597";"Berlin";"DE";;;"K"
"70378";"TotalEnergies Tankstelle Sabine Elss";"TotalEnergies Tankstelle Sabine Elss";;"Pegnitzer Str. 31";"91278";"Pottenstein";"DE";;;"K"
"70379";"Jagdhaus Restaurant";"Jagdhaus Restaurant";;;;;;;;"K"
"70380";"Lydia Dienert TotalEnergies Station";"Lydia Dienert TotalEnergies Station";;"Streitstr. 84";"13587";"Berlin";"DE";;;"K"
"70381";"0BI Fillaie Fillaie Berlin";"0BI Fillaie Fillaie Berlin";;"Wilhelmstr. 8";"13595";"Berlin";"DE";;;"K"
"70382";"Alnatur Super Natur Markt";"Alnatur Super Natur Markt";;"Heerstraße 221";"13595 ";"Berlin";"DE";;;"K"
"70383";"Aral Tankstelle";"Aral Tankstelle";;"Reichsstr. 13-14";"14052";"Berlin";"DE";;;"K"
"70384";"Aral Tankstelle";"Aral Tankstelle";;"Heerstr. 136";"14055";"Berlin";"DE";;;"K"
"70385";"ESSO Station Stephanie John";"ESSO Station Stephanie John";;"Falkenseer Chaussee 50";"13583";"Berlin";"DE";;;"K"
"70386";"EDEKA Fil. 54E0";"EDEKA Fil. 54E0";;"Mönchstr.";"13597";"Berlin";"DE";;;"K"
"70387";"HEM-Tankstelle Lychen";"HEM-Tankstelle Lychen";;"Fontanestr. 7";"17279";"Lychen";"DE";;;"K"
"70388";"Obeta Elektro Vertriebsgesellschaft mbH";"Obeta Elektro Vertriebsgesellschaft mbH";;"Motzener Str. 40";"12277";"Berlin";"DE";;;"K"
"70389";"0BI GmbH & Co. Deutschland KG, Filiale Berlin";"0BI GmbH & Co. Deutschland KG, Filiale Berlin";;"Buchberger Str. 5";"10365";"Berlin";"DE";"DE123711890";;"K"
"70390";"Fairmount GmbH";"Fairmount GmbH";;"Grimmaische Str. 78";"04720";"Döbeln";"DE";;;"K"
"70391";"KUN0ENBELEG SUN Tankstelle";"KUN0ENBELEG SUN Tankstelle";;"Klosterstr.";"13581";"Berlin";"DE";;;"K"
"70392";"ESS0 Stati0n Monika Beddig ESSO STATI0N";"ESS0 Stati0n Monika Beddig ESSO STATI0N";;"Heerstr. 2E15";"13595";"Berlin";"DE";;;"K"
"70393";"Norma";"Norma";;"Rudolf-Breitscheid-Str. 162";"14482";"Potsdam";"DE";"DE132746925";;"K"
"70394";"Rewe";"Rewe";;"Am Ostbahnhof 9";"10243";"Berlin";"DE";"DE812706034";;"K"
"70395";"Bad•Apotheke'";"Bad•Apotheke'";;"Frankfurter Str. 27";"49214";"Bad Rothenfelde";"DE";"DE117585157";;"K"
"70396";"Flink SE ";"Flink SE ";;"Brunnenstraße 19-21";"10119";"Berlin";"DE";;;"K"
"70397";"MyHammer GmbH";"MyHammer GmbH";;"Franklinstr. 28/29";"10587";"Berlin";"DE";"DE213752411";;"K"
"70398";"SelfStorage Dein Lagerraum GmbH";"SelfStorage Dein Lagerraum GmbH";;"Heerstr. 221";"13595";"Berlin";"DE";"DE215275737";;"K"
"70399";"EN Leads GmbH";"EN Leads GmbH";;"Luisenstr. 5";"38118";"Braunschweig";"DE";;;"K"
"70400";"Apple";"Apple";;;;;;"IE9700053D";;"K"
"70401";"1&1 Telecom GmbH";"1&1 Telecom GmbH";;"Elgendorfer Str. 57";"56410";"Montabaur";"DE";"DE273413910";;"K"
"70402";"HDI Versicherung AG";"HDI Versicherung AG";;"Postfach 510260";"30632 ";"Hannover";"DE";"DE813596664";;"K"
"70403";"ENJOY KEBAB";"ENJOY KEBAB";;"Neue Kantstr.";"14057";"Berlin";"DE";;;"K"
"70404";"Pizza luna ";"Pizza luna ";;;;;;;;"K"
"70405";"Rewe Schneider";"Rewe Schneider";;;;;;"DE255621148";;"K"
"70406";"HELLWEG";"HELLWEG";;;;;;"DE359540540";;"K"
"70407";"Presse & Tabak-Center";"Presse & Tabak-Center";;"Brixplatz";"14052";"Berlin";"DE";;;"K"
"70408";"star- TarKstelle Felix Riehs";"star- TarKstelle Felix Riehs";;"Otto-Suhr-Allee 132";"10585";"Berlin";"DE";;;"K"
"70409";"TotalEnergies Tankstelle";"TotalEnergies Tankstelle";;"Heerstr. 35-3";"14055";"Berlin";"DE";;;"K"
"70410";"Bauhaus mbH & Co. KG Hasenheide";"Bauhaus mbH & Co. KG Hasenheide";;"Hasenheide 108-114";"10967";"Berlin";"DE";"DE135558025";;"K"
"70411";"SUN lankstelle";"SUN lankstelle";;"Klosterstr. 20";"13581";"Berlin";"DE";;;"K"
"70412";"Bauhaus 643 BERLIN-KUDAMM";"Bauhaus 643 BERLIN-KUDAMM";;"Kurfürstendamm 129a";"10711";"Berlin";"DE";"DE136658017";;"K"
"70413";"TotalEnergies Station Lydia Dienert";"TotalEnergies Station Lydia Dienert";;"Streitstr. 64";"13587";"Berlin";"DE";;;"K"
"70414";"Bauhaus 623 BERLIN-SPANDAU";"Bauhaus 623 BERLIN-SPANDAU";;"An den Freiheitswiesen 6";"13597";"Berlin";"DE";"DE136658017";;"K"
"70415";"KIEZKNEIPE";"KIEZKNEIPE";;"Neuendorfer Str.";"13585";"Berlin";"DE";;;"K"
"70416";"TotalEnergies Tankstelle Antje Waterstradt";"TotalEnergies Tankstelle Antje Waterstradt";;"Bulgarische Str. 9";"12435";"Berlin";"DE";"DE362357373";;"K"
"70417";"HEM Bozena Bober";"HEM Bozena Bober";;"Waltersdorfer Chaussee 24";"12529";"Schönefeld";"DE";;;"K"
"70418";"Aral Tankstelle Sven Polster-Aheimer";"Aral Tankstelle Sven Polster-Aheimer";;"Westfälische Str. 9-10";"10709";"Berlin";"DE";;;"K"
"70419";"Die Blume Soujke Belling";"Die Blume Soujke Belling";;"Reichsstr.";"14052";"Berlin";"DE";;;"K"
"70420";"Kaufland";"Kaufland";;"Schöneberger Str. 7";"12103";"Berlin";"DE";"DE272014432";;"K"
"70421";"REWE Pilaske 0HG";"REWE Pilaske 0HG";;"In der Feldmark 3a";"14476";"Potsdam";"DE";"DE291792497";;"K"
"70422";"Bauhaus mbH & Co. KG";"Bauhaus mbH & Co. KG";;"Bayreuther Straße 3-4";"10787";"Berlin";"DE";;;"K"
"70423";"Digistore GmbH";"Digistore GmbH";;"Kalenberger Graben 7";"31134";"Hildesheim";"DE";"DE283017717";;"K"
"70424";"sipgate GmbH";"sipgate GmbH";;"Düsselstr.";"40219";"Düsseldorf";"DE";"DE219349391";;"K"
"70425";"IONOS SE";"IONOS SE";;"Elgendorfer Str. 57";"56410";"Montabaur";"DE";;;"K"
"70426";"Wolt Enterprises Deutschland GmbH";"Wolt Enterprises Deutschland GmbH";;"Stralauer Allee 6, 10245 Berlin";;;"DE";;"30&598/50252";"K"
"70427";"Lidl Digital International GmbH";"Lidl Digital International GmbH";;"Stiftsbergstr. 1";"74172";"Neckarsulm";"DE";;;"K"
"70428";"Cleverbridge GmbH";"Cleverbridge GmbH";;"Gereonstr. 43-65,506";"50670";"Köln";"DE";"DE244822460";;"K"
"70429";"alupedia Borga GmbH";"alupedia Borga GmbH";;;;;;;;"K"
"70430";"ESSO Stephanie John";"ESSO Stephanie John";;"Ruhlebener Str. 185";"13597";"Berlin";"DE";;;"K"
"70431";"Aral Tankstelle Anne Notzke";"Aral Tankstelle Anne Notzke";;"Reichsstr. 13-14";"14052";"Berlin";"DE";;;"K"
"70432";"Total Energies Station Steven Hanke";"Total Energies Station Steven Hanke";;"Veltener Str. 22";"16761";"Hennigsdorf";"DE";;;"K"
"70433";"BI0 C0MPANY SE";"BI0 C0MPANY SE";;"Fehrbelliner Platz";"10707";"Berlin";"DE";"DE815889941";;"K"
"70434";"H0RNHACH Baumarkt AG Filiale";"H0RNHACH Baumarkt AG Filiale";;"Malchower Chaussee";"13088";"Berlin";"DE";;;"K"
"70435";"H0RNBACH Baumarkt AG Fillale";"H0RNBACH Baumarkt AG Fillale";;"Malchower Chaussee";"13088";"Berlin";"DE";;;"K"
"70436";"Globus Fachnerkte UmbH 8 Co. KG 79 BFM Lindenberg";"Globus Fachnerkte UmbH 8 Co. KG 79 BFM Lindenberg";;"Rudolf-Diesel-Str. 6";"16356";"Ahrensfelde";"DE";;;"K"
"70437";"Bauhaus 577 Birkenwerder";"Bauhaus 577 Birkenwerder";;"Hauptstr. 211";"16547";"Birkenwerder";"DE";;;"K"
"70438";"AGIP Service";"AGIP Service";;;;;;"DE129275205";;"K"
"70440";"CAPPUCCINO";"CAPPUCCINO";;"Klosterstr. 34";"13581";"Berlin";"DE";;;"K"
"70441";"SHELL STATI0N Scheffel Tankstellen GmbH";"SHELL STATI0N Scheffel Tankstellen GmbH";;"Oranienstr. 138-139";"10969";"Berlin";"DE";;;"K"
"70442";"Bauhaus mbH & Co. KG 814 BERLIN";"Bauhaus mbH & Co. KG 814 BERLIN";;"Hasenheide 108-114";"10967";"Berlin";"DE";"DE135558025";;"K"
"70443";"Jet Tanketelle  Martin Breuer";"Jet Tanketelle  Martin Breuer";;"Charlottenburger Chaussee 47";"13597";"Berlin";"DE";"DE301402039";;"K"
"70444";"SB Tankstelle Haken öztürk";"SB Tankstelle Haken öztürk";;"Alt-Kaulsdorf 45-49";"12621";"Berlin";"DE";"DE170734754";;"K"
"70446";"Taboola Germany";"Taboola Germany";;"Alt-Moabit 2";"10557";"Berlin";"DE";"DE317425161";;"K"
"70447";"Löffel Elektrotechnik GmbH";"Löffel Elektrotechnik GmbH";;"Alboinstr. 36";"12103";"Berlin";"DE";"DE136777716";;"K"
"70448";"ELEKTRO-FISCHER";"ELEKTRO-FISCHER";;"Clara-Zetkin-Str. 6";"17279";"Lychen";"DE";;;"K"
"70449";"Keep Moments - Veranstaltungstechnik Alte";"Keep Moments - Veranstaltungstechnik Alte";;"Berliner Str. 85";"15366";"Hoppegarten";"DE";"DE279613382";;"K"
"70450";"0BI GmbH & Co. Deutschland KG, Filiale Berlin - Steglitz";"0BI GmbH & Co. Deutschland KG, Filiale Berlin - Steglitz";;"Goerzallee 189";"14167";"Berlin";"DE";"DE123711890";;"K"
"70451";"0BI Heimwerkermarkt GmbH a Co.KG Filiale Rangsdorf";"0BI Heimwerkermarkt GmbH a Co.KG Filiale Rangsdorf";;"Kienitzer Str. 2";"15834";"Rangsdorf";"DE";"DE123711890";;"K"
"70452";"HEM Tankstelle Bozena Bober";"HEM Tankstelle Bozena Bober";;"Waltersdorfer Chaussee 24";"12529";"Schönefeld";"DE";;;"K"
"70453";"Sprint Tankstelle Ploehn";"Sprint Tankstelle Ploehn";;"Ruhlebener Str. 1";"13597";"Berlin";"DE";;;"K"
"70454";"UNI Elektro Fachgroßhandel GmbH & Co. KG";"UNI Elektro Fachgroßhandel GmbH & Co. KG";;"Ludwig-Erhard-Str. 21-39";"65760";"Eschborn";"DE";"DE154347873";;"K"
"70455";"ESS0 Station Monika Beddig ESS0 STATI0N";"ESS0 Station Monika Beddig ESS0 STATI0N";;"Heerstr. 285";"13595";"Berlin";"DE";;;"K"
"70456";"SHELL STATI0N P. Killmayer T. V. & B. GmbH";"SHELL STATI0N P. Killmayer T. V. & B. GmbH";;"Martin-Luther-Str. 29";"10777";"Berlin";"DE";"DE811127597";;"K"
"70457";"Valentin Software GmbH";"Valentin Software GmbH";;"Stralauer Platz 33-34";"10243";"Berlin";"DE";"DE813330426";;"K"
"70459";"Adobe Systems Software Ireland Limited";"Adobe Systems Software Ireland Limited";;;;;"DE";;;"K"
"70460";"Freepik Company SL";"Freepik Company SL";;;;;"DE";;;"K"
"70461";"Aufladen.de";"Aufladen.de";;;;;;"NL855756743B01";;"K"
"70462";"Hellweg die Profi-Baumärkte GmbH & Co. KG";"Hellweg die Profi-Baumärkte GmbH & Co. KG";;"Fritz-Zubeil-Str. 0";"14482";"Potsdam";"DE";"DE359510510";;"K"
"70463";"Digistore24 GmbH";"Digistore24 GmbH";;"Kalenberger Graben 7";"31134";"Hildesheim";"DE";"DE283017717";;"K"
"70464";"Builderall";"Builderall";;;;;;;;"K"
"70465";"Netfix Services Germany GmbH";"Netfix Services Germany GmbH";;"Friedrichstr. 88";"10117";"Berlin";"DE";"DE297753810";;"K"
"70466";"openAI";"openAI";;;;;;;;"K"
"70467";"Bauhaus 596 Berlin";"Bauhaus 596 Berlin";;"Brunsbüttler Damm 144";"13581";"Berlin";"DE";"DE136656025";;"K"
"70468";"JET-Tankstelle TS-Nr.  Dana Kolwitz";"JET-Tankstelle TS-Nr.  Dana Kolwitz";;"Brunsbütteler Damm 87-89";"13581";"Berlin";"DE";;;"K"
"70469";"Aral Center Madeleine Walther-Schulz";"Aral Center Madeleine Walther-Schulz";;"Lychener Str. 15";"17268";"Templin";"DE";"DE118616994";;"K"
"70470";"invoicefetcher UG";"invoicefetcher UG";;;;;;"DE304916038";;"K"
"70471";"PageOne Traffic Inc";"PageOne Traffic Inc";;;;;;;;"K"
"70472";"Aral Tankstelle Mirco Engelbrecht";"Aral Tankstelle Mirco Engelbrecht";;"Berliner Str. 67";"13507";"Berlin";"DE";;;"K"
"70473";"SUN Petrol Tankstelle";"SUN Petrol Tankstelle";;;;;;;;"K"
